{
  "L": 29,
  "rmse": 0.2826815223026749,
  "timestamp": "2025-10-24T09:28:12.111760",
  "n_components": 50
}